Model,MAE,RMSE,R2,MAPE
XGBoost,1001.2423694007573,1344.1986273084362,0.10908364710102558,62.7616126349655
RandomForest,1005.7136283335584,1353.839737750571,0.09625782492975754,63.03740061732279
GradientBoosting,1012.0540360089274,1357.138496073409,0.09184835317469653,64.23160163424913
DecisionTree,1023.6623567410127,1364.3959592087617,0.08210947998580664,64.15128142318108
LinearRegression,1016.6422624091849,1366.4684198251812,0.07931888728260295,63.465874351885276
LightGBM,1018.2907040558378,1367.8964330342505,0.07739358589808787,64.75969041070053
